Modelo,Ventana,MAE,MSE,RMSE,MAPE,R2,Epocas,MAE_validacion,n_entrenamiento,n_validacion,n_prueba
atencion,12,25.387826919555664,1054.133544921875,32.46742248535156,4.311775207519531,0.882864236831665,9,24.827913284301758,8677,531,1854
atencion,24,38.902164459228516,2392.68994140625,48.915130615234375,6.296102523803711,0.7341232299804688,8,37.87520980834961,6798,531,1854
atencion,48,52.89677047729492,4206.0849609375,64.85433959960938,8.891454696655273,0.5326179265975952,11,55.888668060302734,4147,531,1854
base,12,25.339941024780273,1053.6253662109375,32.4595947265625,4.274600982666016,0.8829206824302673,10,23.42052459716797,8677,531,1854
base,24,23.93753433227539,974.0236206054688,31.2093505859375,3.966754198074341,0.8917660713195801,9,23.957149505615234,6798,531,1854
base,48,22.82791519165039,867.2182006835938,29.44856834411621,3.807034969329834,0.9036343097686768,15,22.860445022583008,4147,531,1854
profunda,12,23.171003341674805,864.5950927734375,29.40399742126465,3.8459863662719727,0.9039257764816284,15,23.104846954345703,8677,531,1854
profunda,24,42.82169723510742,2679.392333984375,51.762847900390625,6.879912376403809,0.7022647261619568,6,31.993301391601562,6798,531,1854
profunda,48,22.83254051208496,844.32421875,29.0572566986084,3.8011465072631836,0.9061782956123352,15,23.084447860717773,4147,531,1854
